Sample,Treatment,Group,Total,Target,AF,DNA_Conc,Mg_Conc,UMI_format,UMI_format_2,Rep,Sequence,Template
AF259,Cas9,cleaved,61188494,CTLA4.s9,,1,1,W,Ws in UMI,rep1,GGACTGAGGGCCATGGACACGGG,ACGCGAGCTGCATGTGTCAGANNWNNWNNWNNWNNWGGACTGAGGGCCATGGACACGGGCTTCTTCAAGTCCGCCATGCCCGA
AF260,Cas9,cleaved,55042509,AAVS1.s14,,1,1,W,Ws in UMI,rep1,GGGGCCACTAGGGACAGGATTGG,ACGCGAGCTGCATGTGTCAGANNWNNWNNWNNWNNWGGGGCCACTAGGGACAGGATTGGCTTCTTCAAGTCCGCCATGCCCGA
AF261,Cas9,cleaved,33199907,CXCR4.s8,,1,1,W,Ws in UMI,rep1,GTCCCCTGAGCCCATTTCCTCGG,ACGCGAGCTGCATGTGTCAGANNWNNWNNWNNWNNWGTCCCCTGAGCCCATTTCCTCGGCTTCTTCAAGTCCGCCATGCCCGA
AF262,Cas9,cleaved,54642829,LAG3.s9,,1,1,W,Ws in UMI,rep1,GAAGGCTGAGATCCTGGAGGGGG,ACGCGAGCTGCATGTGTCAGANNWNNWNNWNNWNNWGAAGGCTGAGATCCTGGAGGGGGCTTCTTCAAGTCCGCCATGCCCGA
AF263,Cas9,cleaved,27490837,TRAC.s1,,1,1,W,Ws in UMI,rep1,GTCAGGGTTCTGGATATCTGTGG,ACGCGAGCTGCATGTGTCAGANNWNNWNNWNNWNNWGTCAGGGTTCTGGATATCTGTGGCTTCTTCAAGTCCGCCATGCCCGA
AF264,Cas9,cleaved,42878084,CCR5.s8,,1,1,W,Ws in UMI,rep1,GGACAGTAAGAAGGAAAAACAGG,ACGCGAGCTGCATGTGTCAGANNWNNWNNWNNWNNWGGACAGTAAGAAGGAAAAACAGGCTTCTTCAAGTCCGCCATGCCCGA
AF265,Cas9,cleaved,49527762,CTLA4.s9,,1,1,W,Ws in UMI,rep2,GGACTGAGGGCCATGGACACGGG,ACGCGAGCTGCATGTGTCAGANNWNNWNNWNNWNNWGGACTGAGGGCCATGGACACGGGCTTCTTCAAGTCCGCCATGCCCGA
AF266,Cas9,cleaved,38025829,AAVS1.s14,,1,1,W,Ws in UMI,rep2,GGGGCCACTAGGGACAGGATTGG,ACGCGAGCTGCATGTGTCAGANNWNNWNNWNNWNNWGGGGCCACTAGGGACAGGATTGGCTTCTTCAAGTCCGCCATGCCCGA
AF267,Cas9,cleaved,25867040,CXCR4.s8,,1,1,W,Ws in UMI,rep2,GTCCCCTGAGCCCATTTCCTCGG,ACGCGAGCTGCATGTGTCAGANNWNNWNNWNNWNNWGTCCCCTGAGCCCATTTCCTCGGCTTCTTCAAGTCCGCCATGCCCGA
AF268,Cas9,cleaved,58859469,LAG3.s9,,1,1,W,Ws in UMI,rep2,GAAGGCTGAGATCCTGGAGGGGG,ACGCGAGCTGCATGTGTCAGANNWNNWNNWNNWNNWGAAGGCTGAGATCCTGGAGGGGGCTTCTTCAAGTCCGCCATGCCCGA
AF269,Cas9,cleaved,34823223,TRAC.s1,,1,1,W,Ws in UMI,rep2,GTCAGGGTTCTGGATATCTGTGG,ACGCGAGCTGCATGTGTCAGANNWNNWNNWNNWNNWGTCAGGGTTCTGGATATCTGTGGCTTCTTCAAGTCCGCCATGCCCGA
AF270,Cas9,cleaved,45126385,CCR5.s8,,1,1,W,Ws in UMI,rep2,GGACAGTAAGAAGGAAAAACAGG,ACGCGAGCTGCATGTGTCAGANNWNNWNNWNNWNNWGGACAGTAAGAAGGAAAAACAGGCTTCTTCAAGTCCGCCATGCCCGA
AF271,Cas9,cleaved,48447988,CTLA4.s9,,1,5,W,Ws in UMI,rep1,GGACTGAGGGCCATGGACACGGG,ACGCGAGCTGCATGTGTCAGANNWNNWNNWNNWNNWGGACTGAGGGCCATGGACACGGGCTTCTTCAAGTCCGCCATGCCCGA
AF272,Cas9,cleaved,39643732,AAVS1.s14,,1,5,W,Ws in UMI,rep1,GGGGCCACTAGGGACAGGATTGG,ACGCGAGCTGCATGTGTCAGANNWNNWNNWNNWNNWGGGGCCACTAGGGACAGGATTGGCTTCTTCAAGTCCGCCATGCCCGA
AF273,Cas9,cleaved,26914651,CXCR4.s8,,1,5,W,Ws in UMI,rep1,GTCCCCTGAGCCCATTTCCTCGG,ACGCGAGCTGCATGTGTCAGANNWNNWNNWNNWNNWGTCCCCTGAGCCCATTTCCTCGGCTTCTTCAAGTCCGCCATGCCCGA
AF274,Cas9,cleaved,40446256,LAG3.s9,,1,5,W,Ws in UMI,rep1,GAAGGCTGAGATCCTGGAGGGGG,ACGCGAGCTGCATGTGTCAGANNWNNWNNWNNWNNWGAAGGCTGAGATCCTGGAGGGGGCTTCTTCAAGTCCGCCATGCCCGA
AF275,SrfI,control,67153282,CTLA4.s9,,1,0,W,Ws in UMI,rep1,GGACTGAGGGCCATGGACACGGG,ACGCGAGCTGCATGTGTCAGANNWNNWNNWNNWNNWGGACTGAGGGCCATGGACACGGGCTTCTTCAAGTCCGCCATGCCCGA
AF276,SrfI,control,69627567,AAVS1.s14,,1,0,W,Ws in UMI,rep1,GGGGCCACTAGGGACAGGATTGG,ACGCGAGCTGCATGTGTCAGANNWNNWNNWNNWNNWGGGGCCACTAGGGACAGGATTGGCTTCTTCAAGTCCGCCATGCCCGA
AF277,SrfI,control,66206703,CXCR4.s8,,1,0,W,Ws in UMI,rep1,GTCCCCTGAGCCCATTTCCTCGG,ACGCGAGCTGCATGTGTCAGANNWNNWNNWNNWNNWGTCCCCTGAGCCCATTTCCTCGGCTTCTTCAAGTCCGCCATGCCCGA
AF278,SrfI,control,60541288,LAG3.s9,,1,0,W,Ws in UMI,rep1,GAAGGCTGAGATCCTGGAGGGGG,ACGCGAGCTGCATGTGTCAGANNWNNWNNWNNWNNWGAAGGCTGAGATCCTGGAGGGGGCTTCTTCAAGTCCGCCATGCCCGA
AF279,SrfI,control,52984371,TRAC.s1,,1,0,W,Ws in UMI,rep1,GTCAGGGTTCTGGATATCTGTGG,ACGCGAGCTGCATGTGTCAGANNWNNWNNWNNWNNWGTCAGGGTTCTGGATATCTGTGGCTTCTTCAAGTCCGCCATGCCCGA
AF280,SrfI,control,48517677,CCR5.s8,,1,0,W,Ws in UMI,rep1,GGACAGTAAGAAGGAAAAACAGG,ACGCGAGCTGCATGTGTCAGANNWNNWNNWNNWNNWGGACAGTAAGAAGGAAAAACAGGCTTCTTCAAGTCCGCCATGCCCGA